AREACD,AREANM,yr1,yr2,yr3,yr4,yr5,yr6,yr7,yr8,yr9,yr10,yr11,yr12,yr13,yr14
E06000001,Hartlepool,1220.9,1317.7,1258.8,1245.4,1300.8,1219.7,1211.2,1100.5,1058.5,989.2,1005.2,945.2,945.8,948.6
E06000002,Middlesbrough,1209.5,1299.4,1195.4,1247.3,1134.5,1089.4,1177.4,1173.4,1137.4,1072.4,1051.8,1144.7,1056.7,1123.8
E06000003,Redcar and Cleveland,1149.4,1183.6,1112.9,991.4,1065.1,1078.8,982.2,1057,935.8,904.6,963.6,921.5,931.5,888.9
E06000004,Stockton-on-Tees,1210.2,1137.8,1130.3,1120,1107.8,1093.3,1060,1058.4,989.9,880.1,952.6,882.1,905.6,925.7
E06000005,Darlington,1180.7,1105.7,1128.8,1134.6,1069.1,1053.7,1046.5,1041.2,989.2,901.1,843.4,930.1,949.7,877.9
E06000006,Halton,1279.1,1327.4,1320,1251.8,1210.6,1239.9,1190.3,1237,1077.5,1017.5,1012.8,1111.3,1123,1028.3
E06000007,Warrington,1162.1,1079.4,1214,991.6,1003.5,1120.1,1086.8,1057.4,953.4,966.2,918.8,940.9,1016.1,945.0
E06000008,Blackburn with Darwen,1245.7,1262,1321.5,1177.6,1165.5,1108.2,1209.9,1120.4,1123,1062.6,984.8,1046.4,985.8,1015.3
E06000009,Blackpool,1204.8,1230.4,1272.7,1174,1145.7,1172.3,1134.1,1162.6,1013.4,1075.3,1042.2,1057.5,1036.8,1061.2
E06000010,"Kingston upon Hull, City of",1095.8,1191.4,1235.8,1164.1,1164.3,1174.9,1186.8,1066.8,1073.7,1062.3,1028.4,1062.7,1060,1086.1
E06000011,East Riding of Yorkshire,997.4,982.7,1047.2,1009.6,960.1,904.1,966,899.3,870.9,873.9,854.5,891.9,876.6,804.7
E06000012,North East Lincolnshire,1004.3,1051.3,1079.3,1016.7,977.2,1026.9,1026.7,1015.4,973,908.5,920.7,972.5,933.2,850.7
E06000013,North Lincolnshire,1079.1,996.5,1054.3,1018,978.8,1008.9,1021.8,989.4,975.6,840.9,916.5,833.5,889.5,864.0
E06000014,York,965.8,978.2,960.2,915.2,825.7,862.5,865.9,897.4,828.3,878.3,811.6,811.5,806,826.5
E06000015,Derby,1054.9,1105.8,1078.8,980.5,944.5,977.1,969.5,1007.6,933.9,881.2,814.5,868.2,915.6,808.4
E06000016,Leicester,1157.2,1143.9,1185.2,1168.9,1132.4,1108.5,1041.4,1089.3,1014.9,986.2,917.6,915.1,963.7,926.6
E06000017,Rutland,833.5,808.6,839.8,830.9,763.8,707,682.4,850.2,780,793.2,745,714.3,587.2,651.6
E06000018,Nottingham,1198.1,1129.3,1141.5,1109.6,1064.4,1003.3,1037.9,1096.2,973.8,952.9,928.1,965.8,899.5,938.4
E06000019,"Herefordshire, County of",929.3,929,889.9,929.8,941.1,785.6,907.9,900.9,829.6,784.1,801.5,768.4,772.3,769.3
E06000020,Telford and Wrekin,1129,1152.7,1095.9,1103.1,1000.2,1023.7,924.5,951.3,939.4,952,913.7,988.2,948.3,833.4
E06000021,Stoke-on-Trent,1159.3,1217.1,1223.2,1140.3,1089.6,1098.2,1116.9,1197.3,1080.9,1039.2,996.4,1024.4,1009.4,936.2
E06000022,Bath and North East Somerset,833.4,915.7,893.5,919.3,903,818.4,831.2,847.4,805.8,826.4,735.7,763.3,790.6,707.5
E06000023,"Bristol, City of",1043.7,1048.6,1078.2,1000.8,990.6,958.9,956.8,931.9,914.1,890.5,862.4,825.2,908.2,834.1
E06000024,North Somerset,989.5,977.3,949.5,876,914.1,873.2,855,874,780.3,816,836.7,777.1,833.1,737.9
E06000025,South Gloucestershire,934.2,940.5,1016.4,835,840.7,806.7,864.9,848.3,779.1,785.4,761.6,758.1,754.6,695.2
E06000026,Plymouth,1021,1071.7,1092,998.4,961.7,927.1,955.1,940.3,930.2,944.3,848.3,941.4,890,830.6
E06000027,Torbay,1017,934.2,1041.7,886.5,889.4,817.8,962.5,880.5,882.3,891.2,888.2,853,835.5,824.6
E06000028,Bournemouth,988.9,948.9,971.3,908.8,924.9,885.2,870.5,928.2,843.1,852.9,820.5,883.1,851,794.0
E06000029,Poole,860.4,969,941.7,883.3,835.5,832,808.7,881.2,788.3,797.7,771.5,799.7,787.4,775.3
E06000030,Swindon,1066,1152.6,1100.3,1017.4,1040.9,999.2,990.8,898.2,868.1,878.2,915.6,878.4,859,842.7
E06000031,Peterborough,1146.6,1124.7,1148.9,940.7,1104.6,1023.3,1004.3,986.2,899.5,917.6,829.6,917.2,865.1,890.4
E06000032,Luton,1225.3,1190.3,1131.5,1129.5,1091.1,1063.3,1070,1046.4,973.8,902.5,893,938.7,855.6,907.6
E06000033,Southend-on-Sea,1145.5,1069.9,1052.2,1037.2,1004.6,984.6,927.4,983.8,906.2,947.9,868.1,837.1,893.3,813.5
E06000034,Thurrock,1031.3,1085.7,1089.5,1029.4,982.3,983.8,995.8,965.8,914.6,966.3,904.7,909.2,893.6,895.6
E06000035,Medway,1120,1122,1132.2,1053.2,1050,1078.1,968.3,1000.7,938.7,961.1,904.3,928.8,886.6,956.1
E06000036,Bracknell Forest,1036.4,1000.5,1053.2,921.8,920.7,882.5,799.8,831.3,804.6,737.9,843,812.2,685.1,673.6
E06000037,West Berkshire,970.9,951.7,964.3,893.4,853.7,869.1,856.1,819.7,798.2,754.4,735.2,741.2,825.1,719.2
E06000038,Reading,981.2,989.5,973.4,955.6,967.3,927.4,908.7,931.8,855.8,856.6,847.7,898.7,866.3,826.1
E06000039,Slough,1110.6,1070.4,1053.9,1092.8,993.3,859.9,888.7,927.1,911.7,849.8,851.7,854.7,902.6,795.9
E06000040,Windsor and Maidenhead,1022.5,980.8,964.6,932.2,896.5,895.7,867.8,861.5,831.8,762.2,754,756.3,726.4,699.7
E06000041,Wokingham,908.2,978.5,890.7,863.8,840.3,869.1,808.7,796,752.2,780.7,750.5,764.8,747.2,731.8
E06000042,Milton Keynes,1124.5,1060.2,1179.5,1087.8,1069.2,970.6,961.4,975.4,905.6,933.4,870.9,922.9,871,860.7
E06000043,Brighton and Hove,990.2,963.7,1061,913.9,962.2,912.5,934.7,840.1,896.9,827.6,853.4,834.7,823.8,762.5
E06000044,Portsmouth,1098.5,1049.7,1125.3,1030.8,959,952.2,925.5,933.4,876.5,836,916.2,898.6,934.3,901.6
E06000045,Southampton,961.8,1029,1051.1,964.1,983.7,916.5,905.6,993,830,829.3,861.3,900.7,859.5,780.3
E06000046,Isle of Wight,934.1,1012.5,982.3,863,860.8,846.2,866.8,878.3,801.9,820.8,782,845.9,836,751.4
E06000047,County Durham,1151.3,1160.6,1206.9,1119.8,1161.9,1077.5,1067.9,1087.8,1033.4,975.4,993.1,973.2,1043.5,959.4
E06000057,Northumberland          ,1088.3,1053.8,1079.2,1074,1050.8,998.6,998.7,977.7,944.2,899.9,880.7,929.5,903.9,858.9
E06000049,Cheshire East,1054.2,1034.7,1003.7,993,926.2,910.5,906.7,916.3,872.4,858,804.6,847.5,796,753.4
E06000050,Cheshire West and Chester,1021.8,1045.1,1032.1,961.6,995.5,941,963.9,989.6,891.2,888.8,864.7,889.3,808.8,843.6
E06000051,Shropshire,988.9,1023.3,1041.1,929.9,901,858,883.2,903,844.2,823.7,810.9,783.3,811.7,746.0
E06000052,Cornwall,950.7,978.8,983.3,913.5,907.2,859.8,895.2,884,865.3,849,792.9,823.3,843.8,787.0
E06000053,Isles of Scilly,950.7,978.8,983.3,913.5,907.2,859.8,895.2,884,865.3,849,792.9,823.3,843.8,787.0
E06000054,Wiltshire,974.3,984.4,953,899.5,883.6,846.5,835.6,845.3,821.1,795.1,784.5,788.1,790.4,746.0
E06000055,Bedford,1010,984.4,1023.9,943.8,993,915.4,955,948.6,862.4,893,825.5,777.3,800,778.3
E06000056,Central Bedfordshire,1042.6,1017.1,1002,994.2,956.4,930.1,946.2,904.4,897.7,850.3,754,802.6,843,775.6
E07000004,Aylesbury Vale,1048.5,1038.3,1011,975.7,997.4,945.2,920.8,908.5,878.8,824.4,740.7,797.1,802.5,761.5
E07000005,Chiltern,867.4,853.7,845.5,902.9,793.4,780.3,717.2,719.3,678.8,745.5,676.8,590.4,634.1,604.6
E07000006,South Bucks,942.3,1040.7,945.1,877,969.9,812.6,770.9,809.3,781.3,765.8,645.1,732.8,665.9,663.2
E07000007,Wycombe,915.7,937.5,906.8,873.4,792.8,774.5,809.8,761.3,707.5,747.5,751.2,780.2,679,712.9
E07000008,Cambridge,917.9,948.2,1023,918.3,899.8,921.3,818.5,854.8,822.1,757.3,707.8,803.9,811.2,744.0
E07000009,East Cambridgeshire,768.7,933.5,967.7,844.7,790.1,793.7,860.5,809.7,795,687.7,759,667.8,664.6,756.6
E07000010,Fenland,1116.4,1023.6,1081.4,985.3,1064.4,1045.2,920.3,938.4,874.3,865.8,869.7,857.7,848.7,877.5
E07000011,Huntingdonshire,959.5,965.6,1015.2,901.6,963,922.5,867.8,863.6,780.7,810.3,696.4,802.9,788.7,673.4
E07000012,South Cambridgeshire,928.9,830.5,842.9,825.1,751,760.2,798.4,734.2,767.9,678,623.2,700.8,669.6,671.3
E07000026,Allerdale,1117.7,1149.9,1189.7,1026.3,1002.5,1050.8,1045.8,999.1,977.1,893.2,1012.9,945.1,885.9,896.0
E07000027,Barrow-in-Furness,1049.4,1107.7,1061.3,1054.9,994.4,1018,1018.9,1057.4,959.7,1002.8,998.5,874.3,983.4,940.4
E07000028,Carlisle,1153.4,1085.5,1113.5,991.4,1011,952.9,1005.4,1005.8,950.3,947.3,911.2,962.6,892,794.1
E07000029,Copeland,1075.3,1184.9,1225.7,1113.6,1023.3,1095,1083.6,1140.2,989.4,935.5,1046.3,923.2,1017.7,913.9
E07000030,Eden,925.5,1038.1,1018.4,936,898.2,809.7,921.3,839.7,757.3,861.1,761,756.4,707.2,644.5
E07000031,South Lakeland,976.7,969.6,851.3,942.8,817.1,858.8,883.9,849.7,833.7,813.9,822.1,796,744,706.4
E07000032,Amber Valley,1005.3,1051.6,1117,997.8,940.8,974.3,886.6,980.7,957.2,915.3,824.4,804.1,850.5,859.3
E07000033,Bolsover,1159.1,1170.7,1233.3,1141.2,1191.7,1059.2,1027.1,1155.8,1018.7,996.5,913.8,1018.7,960.7,969.3
E07000034,Chesterfield,1164.3,1101.1,1148.6,1037.6,1123.4,1073.1,932.3,969.6,900.3,913.8,948.5,889.3,940.7,897.2
E07000035,Derbyshire Dales,1069.3,956.1,1009.8,912.5,926.6,934.4,854.2,838.9,784.6,778.7,788.6,771.9,741.3,741.4
E07000036,Erewash,1084.9,1088.7,1039.1,1049.6,928.4,1027,989.6,874.1,910.4,822.4,804.5,796.3,880.9,863.7
E07000037,High Peak,998.7,1102.7,1025.7,1074,1027.2,960.5,898.8,928.1,956.7,800,869.3,903.9,838.2,782.6
E07000038,North East Derbyshire,1082.6,1130.8,1147,1020.6,1120.7,1010.4,1005.7,1043,880,875.9,872.6,901.3,813.4,852.1
E07000039,South Derbyshire,1117.2,1060.2,1174.1,1052.9,1012.1,955.7,926.2,1038,1002.4,844.8,835.7,911.7,950.7,820.9
E07000040,East Devon,850.3,900.4,895.8,832.3,842.3,797.4,792.1,808.6,781.5,724.7,737.4,764.3,753.9,761.9
E07000041,Exeter,944.1,1003.9,891.5,881.8,882.1,796.3,820.6,901.1,782.3,806.3,811.4,793.8,703.7,748.4
E07000042,Mid Devon,891.5,888,908,807.4,809.3,887.2,807.5,842.8,779.3,751.7,663.9,738.9,663.2,679.0
E07000043,North Devon,987.8,890.7,972,919.7,917.5,880.9,837.7,875.2,790.4,767.1,836.7,846.8,811.7,808.9
E07000044,South Hams,888.1,885.7,876.8,866,816.7,779,850.5,752.3,798.1,764,735.6,751,681.5,703.6
E07000045,Teignbridge,906.5,823.1,931,882.4,779.8,796.3,791.6,859.1,851,824.3,763.2,778,743.1,736.2
E07000046,Torridge,1032.4,898.9,1057.2,889.1,879,803.3,837.6,893.1,851.9,724.7,877.2,831.9,849.5,746.3
E07000047,West Devon,983.8,865.6,862.9,824.8,797.6,826,682.5,799.5,810.8,818.5,756.3,759.5,753.4,666.0
E07000048,Christchurch,810,807.6,873.2,776.8,765.3,722.6,802,705.2,683.9,785.7,646.3,647.2,711.5,662.3
E07000049,East Dorset,828.6,819.7,850.8,748.4,773.8,698.8,706.1,749.6,695.9,639,640.6,645.1,657.4,628.8
E07000050,North Dorset,853.3,891.2,901.3,774.7,824.2,775.6,736.2,737.2,719.8,697.8,654.5,703,666.3,632.3
E07000051,Purbeck,842.9,916.3,841.5,837.4,727.8,844.5,762.7,804.6,760.9,640.5,679.9,628.5,823.4,686.0
E07000052,West Dorset,875.6,937.4,949.5,824.7,844.1,845.9,751.1,795.9,740.5,732.7,711.8,742.3,748,707.5
E07000053,Weymouth and Portland,971.3,1041.1,965.7,946.2,915.3,860.8,956.6,918.1,895.7,833.9,852.2,832.4,810.4,832.8
E07000061,Eastbourne,902.3,913.9,924.2,908.4,954.7,877.7,831.5,837.2,814.2,803.7,816.9,828,844,788.9
E07000062,Hastings,1188.3,1131.7,1131.9,1059.8,1006.3,1074.7,1011,1005.5,1003.2,963.8,946.8,944.3,875.4,929.8
E07000063,Lewes,891,875.6,843.3,836.8,827.9,754.8,790.7,786.3,685.5,759.1,722.1,690.9,659,612.6
E07000064,Rother,952.7,985.2,990.2,906.3,851.4,874.2,852.5,788.6,813.1,773.4,768.4,755.8,777.3,741.1
E07000065,Wealden,867.2,831,895.5,876.3,821.1,807.4,763.5,843.6,694.8,832.7,755.6,738.1,726,710.4
E07000066,Basildon,978.4,1083.7,1052.7,1053,970.3,1019.2,944.7,976.7,879.2,866.2,854,913.6,810.5,853.0
E07000067,Braintree,1162.3,1077.2,1062.9,913.4,982.2,891.9,847.2,975.8,881,890.9,820,867.9,848.1,795.6
E07000068,Brentwood,953,983.7,1053.2,818.9,866.7,832.7,823.9,858.4,802.7,725.8,782.4,789.3,801.6,795.5
E07000069,Castle Point,1043.5,1050.6,1110.9,1023.2,941.3,954.7,967.2,1004.8,792.5,859,822.5,932.3,931.2,833.8
E07000070,Chelmsford,877.8,859.3,879.1,889.1,843.6,795.4,802.5,753.3,763.5,799.4,748.2,791.7,751.9,691.9
E07000071,Colchester,972.3,950.8,919.8,937.7,892.5,882.8,819.1,827.8,850.8,817.6,849.2,812.5,783.5,873.1
E07000072,Epping Forest,957.9,994.1,1123.5,1016.8,969,910.3,992.1,975.5,855.9,845.8,807.1,776,765.4,898.2
E07000073,Harlow,1036,882,908.1,810.8,938,845.2,894.9,831.6,868.4,892.3,897.7,857.8,759.5,899.3
E07000074,Maldon,1088.6,923.5,1092.4,976.2,874.9,954.5,909.7,919.8,792.9,805.4,851.4,834,834.2,823.5
E07000075,Rochford,896.9,959.8,948,822.7,807.4,774.6,784.7,789.6,798.3,841.8,697.3,729.8,729.8,712.8
E07000076,Tendring,1019,1056.6,950.8,912.9,1011,886.2,948.7,937.8,841.1,870.2,925,908.9,905.2,869.4
E07000077,Uttlesford,1074.3,916,928.6,969.8,898.9,809.4,880.6,736.9,784.5,685.8,741.6,696.9,658.7,740.3
E07000078,Cheltenham,913.3,945.5,1039.4,807.3,904.8,908.6,798.4,835.7,798.6,778.3,727.2,790,817.1,756.7
E07000079,Cotswold,879.2,850.5,912.7,869.9,925.4,813.1,815.3,851.3,812.5,717.8,686.9,633.8,771.5,688.7
E07000080,Forest of Dean,982.2,1084.8,991.1,946.8,845.5,897.4,897.8,1026.6,762.6,820.3,829.7,765.6,825,791.6
E07000081,Gloucester,1023.7,1003.8,1025.5,1040.2,1021.3,932.3,987.2,931.1,876.1,893.7,790.2,787.3,927,910.5
E07000082,Stroud,1027,1003.7,1007.4,925.2,883.1,944.4,851.7,921.4,784.8,860.6,816.9,859.1,964.2,855.6
E07000083,Tewkesbury,957,946.3,971,881.5,906.9,836.6,821.6,771.3,867.8,745,764.6,793.3,727.6,726.6
E07000084,Basingstoke and Deane,973.7,989.4,1015.6,907.7,897.1,901.9,866.8,939.2,837.3,910.5,872.7,842.7,829.4,794.1
E07000085,East Hampshire,1040.3,974.3,1005.5,926,933.7,909.6,860.3,906.3,800.4,778.1,777.8,818.4,782.2,729.7
E07000086,Eastleigh,960,1043.1,1019.1,971.8,948.5,893.5,857,858.4,760,807.2,687.3,723.9,796,717.4
E07000087,Fareham,973.7,952.9,914.7,844.6,810.9,835.9,808.7,794.2,831.6,786.2,814.3,779.4,808.8,823.7
E07000088,Gosport,1042,1046.9,1001,1051.8,1014.4,963.4,1007.2,909.6,991.5,914.9,880,938.6,869.2,808.1
E07000089,Hart,809,836,913.3,853.5,821.4,700.9,763.7,675.2,682.3,647.1,700.2,712.8,625.1,563.3
E07000090,Havant,1032.9,984.6,981.2,925.1,909.9,903.8,868,855.4,826.5,813.9,828,804.6,835.9,796.6
E07000091,New Forest,824,835.3,859.5,796.1,780.2,757.2,761.6,744,712.8,704.4,693.6,716.3,694.7,673.9
E07000092,Rushmoor,1089.5,1188.7,1192,999.1,935.1,1013.4,982.8,955.8,849.6,900.2,838.4,840.5,899.2,771.6
E07000093,Test Valley,943.7,943.4,945.8,986,881.4,879.6,831.3,827.1,788.4,788.8,685.6,799.3,793.9,720.5
E07000094,Winchester,904.6,939.1,962.8,943.9,809.1,814.9,857.5,860.7,807.3,663,688.4,646.8,701,703.8
E07000095,Broxbourne,947.2,978.7,951.2,977.2,916.8,923.4,865.5,839.1,732.9,790.1,727.1,812.3,723.3,650.2
E07000096,Dacorum,973,956.7,1007.6,929.8,986.6,882.2,784.5,928.1,796.5,785.4,716.8,776.1,814.6,695.5
E07000242,East Hertfordshire,982.9,948.7,906.2,991.6,894.1,826,857.6,871.6,763.4,836.2,701.4,843,681.1,689.7
E07000098,Hertsmere,1152,1101.3,1029.1,1046.4,1046.8,895,965.5,876,889,785.4,796.3,880.7,724.9,742.7
E07000099,North Hertfordshire,1130.6,1094.7,1043.5,946.8,916,934.6,908.2,1002.1,926.5,970.9,863.5,857.5,877.6,854.0
E07000243,Stevenage    ,1038.2,1035.2,1181.9,874.5,914.2,989.4,976.2,864.7,869.6,856.9,827.7,955.7,886.2,904.8
E07000102,Three Rivers,918,942.6,997.2,824.2,965.9,889.8,852.2,806.7,735.5,775.7,731,750.1,763.2,739.5
E07000103,Watford,1196.7,1159.1,1088.6,1055.3,1071.2,1014.7,970.3,998.4,960.6,988.9,853.2,984,836.5,932.8
E07000105,Ashford,872.8,992.4,1071.8,905.5,931.1,940.4,832.8,822.7,840.3,801.2,709.7,768.6,743.9,849.6
E07000106,Canterbury,1014.8,957.1,998.4,972.8,960,961,917,897.8,870.8,849.9,791.9,849,811.2,798.0
E07000107,Dartford,1169.8,1104.1,1262.6,1150.3,1148.2,984.9,1051.9,1085.7,1086.3,1031.2,1051.5,956.5,974.2,899.5
E07000108,Dover,1076.6,1011,996.5,925.7,993.2,951.8,934.2,943.8,842.1,934.6,888.5,896.9,834.8,847.0
E07000109,Gravesham,964.5,1076.5,1045.9,993.3,915.5,979.1,1007.3,900.6,933.6,868.4,835.8,834.4,905,842.2
E07000110,Maidstone,977.2,1042.5,995.7,972.8,995.7,981.2,909.5,935.3,823.2,896.8,802.7,852,838.4,843.1
E07000111,Sevenoaks,866.6,898.1,873.8,816.5,806.3,768.6,862.8,898,781.8,787,755.3,755.7,736.3,702.1
E07000112,Shepway,1079.7,1012.7,1041.4,917.1,1029.1,966.3,872.6,801.8,832.8,798.5,781.2,838.1,804.5,793.9
E07000113,Swale,1166.6,1137.9,1071.3,996.4,1007.1,1006.2,1033.3,1005.2,989.6,922.5,878.6,847.1,854.4,849.7
E07000114,Thanet,1029.3,1042.6,1097.1,1041.9,1067.9,1000.5,956.6,946.1,968.9,897.3,879.2,897.3,878.3,884.4
E07000115,Tonbridge and Malling,949.4,912.3,911.3,860.9,955.2,806.2,790.6,864.1,774.2,835.5,770.3,692.7,728,669.1
E07000116,Tunbridge Wells,953.8,1048.7,976.7,939.2,879,858.5,878.8,814.5,836.4,790.1,671,698.6,731.4,731.0
E07000117,Burnley,1249.7,1235.7,1208.3,1225.6,1121,1251.1,1181.9,1182,1107.9,905.8,1062.1,1134.3,1022.5,1073.2
E07000118,Chorley,1178.4,1155.1,1137.4,1145.7,1081.5,922.9,993.6,1117.8,962.9,885.3,951.5,957,895.9,891.5
E07000119,Fylde,1016,1073.3,1060.9,967.6,1015.2,932.8,940.8,930,922.2,848.8,809.2,902.3,925.1,816.9
E07000120,Hyndburn,1235.2,1204.8,1256.7,1086,1090.5,1195.2,1072.5,1199.2,1066.7,1115.2,1022.5,997,1049.1,993.2
E07000121,Lancaster,1000.3,1089.7,1038.2,1001.4,979.2,975.8,1039.6,1062.8,922.8,906.8,898.9,888.6,978,938.6
E07000122,Pendle,1103.2,1064.8,1129.9,994.2,1041.7,993.6,972.1,896.6,1021.2,952.7,903.4,903,956.1,917.9
E07000123,Preston,1240.5,1203.5,1231.8,1157.8,1188.1,1085.8,1048.1,1180.5,1063.6,1043.1,914.4,1037.2,971.7,944.2
E07000124,Ribble Valley,1043.7,1017.2,971.9,948.4,930,844,977.6,746.6,938.3,855.4,821.2,796.8,754.5,841.9
E07000125,Rossendale,1295.1,1188.4,1234.5,1143.9,1232.4,1062.1,995.8,1153.6,1085.5,970.6,1020.4,937.7,992.3,875.1
E07000126,South Ribble,1072,1014.5,1095.6,937.6,900.3,1004.2,1025.9,968.9,898.3,848.1,877.5,871.7,872.7,770.8
E07000127,West Lancashire,1187.1,1235,1200.7,1123.7,1117.6,1051.2,1113.3,1053.5,1015.2,947.5,900.1,861.7,935.6,859.1
E07000128,Wyre,1011.3,1026.7,1005.1,1035,1100.9,933.7,986.6,926,912,912.9,903.7,920.8,916.1,817.4
E07000129,Blaby,858.7,892.9,951.9,830.1,908.4,828.4,845.2,834.2,719.5,789.5,761.2,732,763.8,705.4
E07000130,Charnwood,1087.6,957.5,1039.9,990.2,977.5,921.6,759.5,923.9,813.6,785.3,769.9,869.2,809.5,789.2
E07000131,Harborough,1026.2,1029.3,968.4,976.4,920.7,841,861.8,742.1,764.1,736.6,690.5,771,736.2,739.6
E07000132,Hinckley and Bosworth,1008.4,980.7,1006.5,959.1,1071.3,979.2,873.6,876.5,796.4,778.7,724,815.9,759.3,679.5
E07000133,Melton,978.7,844.3,969.1,911,950.2,859.7,853.9,984.9,748.6,778.3,735.5,829.2,855.2,705.4
E07000134,North West Leicestershire,1010,1078.6,1126.8,1000.3,1100.3,964.8,951.1,893.2,899.6,949.3,785.6,841,817.2,830.8
E07000135,Oadby and Wigston,928.7,1034.7,990.2,937.1,929.3,929.3,893.2,877.7,827.3,853.1,777.6,752.5,772.4,771.0
E07000136,Boston,1091.7,1086,989.9,984.5,998.1,969.2,1080.9,918.9,968.6,913.5,877.3,855.3,927.3,867.1
E07000137,East Lindsey,1022.2,994.3,1042,1043,964.4,1020.3,936,948.4,967,940.8,932.7,891.8,927,901.9
E07000138,Lincoln,984.8,1088.5,1168.1,1042.4,1030.3,1063.9,1068.2,1058.7,939.9,947,878.8,950.8,954.2,877.1
E07000139,North Kesteven,1103,992.7,1112.8,1022.9,923.9,843.2,894.9,909.7,850.6,805.4,817.8,853.3,744.2,738.2
E07000140,South Holland,1032.2,1021,980.4,1026.6,872.1,868.9,978.7,953.1,852.8,853,775.5,854.9,845.4,828.4
E07000141,South Kesteven,948.8,967.9,934,880.3,915,981.7,931.1,934.8,829.4,789.7,801.9,794.6,794.6,750.1
E07000142,West Lindsey,1039.4,1051.4,1051.7,932.5,1067.9,940.2,934,930.4,865.5,813.6,878,860.7,867.4,724.2
E07000143,Breckland,941.8,1056.7,1000.3,938,903,948.5,905.7,868.8,870.3,853.3,849.9,823.3,870.2,820.6
E07000144,Broadland,966.9,1089.4,939.4,916.6,973.3,908.7,855.4,873.9,919.4,839.9,803.7,753,799,715.5
E07000145,Great Yarmouth,1087.1,979.1,945.4,1016.9,950,1024.8,937.2,1005.2,982.7,910.5,928.9,895.6,911.5,882.8
E07000146,King's Lynn and West Norfolk,951.6,959.8,1011.9,946.8,888.1,880.7,911,874.4,780.4,806,796,790.2,841.9,744.9
E07000147,North Norfolk,910.8,952.1,942.1,872.4,814.4,760.6,740,785.8,739.4,726.2,698.6,747.1,737.7,736.7
E07000148,Norwich,853.3,943.9,872.3,908.1,825.9,854.1,820.3,878.7,814.5,769.4,779.9,773,791.8,803.2
E07000149,South Norfolk,872.3,850.5,883.9,886.6,810.5,797.6,856,832,802.3,830.5,723.3,717.1,727,724.4
E07000150,Corby,1159.4,1243.8,1147.9,1096.9,1160.9,1175.8,963.4,1119.8,1008,1198.9,1080.7,997.6,1059,941.0
E07000151,Daventry,994.8,967.6,960.7,978.7,896.3,1009.1,952.6,911.9,844.8,819.6,797.6,929.7,912.2,824.9
E07000152,East Northamptonshire,1010.2,1083.5,982.8,1046.9,1091.8,976.9,979.3,1026.2,942.5,909.2,821.1,817.8,758.7,824.4
E07000153,Kettering,931.1,1040.4,1110.3,1016,1041.1,937.6,945.4,944.3,896.5,906.9,831.1,848.8,863.5,790.8
E07000154,Northampton,1028.5,1071.6,1040.1,1032.6,997.7,966.6,998,925.6,932.3,913.1,948.1,968.4,893.7,864.7
E07000155,South Northamptonshire,917.9,960.8,1013.5,875.5,863.7,956.1,758.1,852.3,803.2,753.8,766.3,753.4,723.3,708.4
E07000156,Wellingborough,1017,1062.7,978.6,954.1,912.6,938.4,876.3,853.2,930.7,820.2,823.2,764.8,821.5,823.2
E07000163,Craven,990,865.3,931.2,843.9,845.7,842.6,883.1,799.1,807.5,793.5,731.6,774.5,769.5,707.9
E07000164,Hambleton,938.9,1009,918.8,893.1,789.5,846.4,817.4,838,787.5,667.6,709.7,706.9,780.7,658.1
E07000165,Harrogate,909.7,922,965,922.8,855.5,877.6,911.5,894.4,781.6,791.2,806.3,791.6,678.4,794.4
E07000166,Richmondshire,983.3,903.6,1004.1,891.5,1054.5,935.1,885.1,875.3,842.9,871,879.4,888.2,820.7,838.7
E07000167,Ryedale,818,922.3,957.4,932.7,816.7,794.7,925.5,839.7,757.9,838,845.3,851,893.6,645.4
E07000168,Scarborough,982.2,1018.3,1037.5,964.1,962.9,978,898.5,957.6,875.8,922.5,926.5,878.4,888.1,823.7
E07000169,Selby,1029,1035.1,1023.3,900,895.1,925.4,994.8,861.3,838.5,868.2,768.9,911.7,802.3,781.2
E07000170,Ashfield,1163.2,1213.8,1192.8,1129.9,1078.8,1022.4,1107,1059.1,1022.8,1035,942.4,965.6,918.5,936.6
E07000171,Bassetlaw,1134.8,1106.8,1103.2,1145.5,1068,1043.3,1009.2,1077.4,1002.1,964.7,879.2,938.8,913.6,900.6
E07000172,Broxtowe,1087.9,980.9,1064.1,918.1,952.7,936.3,932.4,910.7,859.2,851.5,861.9,827,860.1,831.0
E07000173,Gedling,1004.1,1110.1,1065,966.3,945.8,890.3,981.1,938.6,912,836.5,811.4,939.7,786.2,837.0
E07000174,Mansfield,1160.7,1134.9,1119.2,1016.3,1096.4,1024.5,1003.1,1022.4,1023.1,955.4,927.1,944.8,1009.6,907.8
E07000175,Newark and Sherwood,1150.9,1107.8,1003.5,959.1,1007.1,989.7,1005,936.7,925.5,903.2,871.3,899.3,835.6,910.9
E07000176,Rushcliffe,1050.5,967.5,968.6,941.4,911,808.3,799.5,864.7,835.6,785.3,780.9,728.9,737.6,687.4
E07000177,Cherwell,1022.9,965.5,930,895.7,855.5,834.4,817.1,860.7,842.6,834.9,752.8,832.8,836,851.2
E07000178,Oxford,885,952.3,986,899.5,918.9,937.4,805.5,825.5,800.1,835.2,778.4,818.4,756.3,752.9
E07000179,South Oxfordshire,862.1,929.2,931.3,847.1,884.3,826.3,834.2,806.1,713.1,765.7,741,773.4,777.9,709.9
E07000180,Vale of White Horse,864.1,883.4,945.2,804.6,911.2,828.4,773.1,696.5,730.9,750.3,774.5,756,773.7,686.8
E07000181,West Oxfordshire,969.8,958.5,987.6,908.5,951.7,844.6,771.8,892.9,802,881.6,778.9,785.1,809.6,823.9
E07000187,Mendip,954.9,949,1045,902.6,965.3,841,846.8,843.9,801.5,801.8,757.5,750,768.6,732.2
E07000188,Sedgemoor,952.7,874.1,1014.2,870.5,912.5,885.2,836.3,879.4,837.2,869.6,746.9,777.9,784.7,742.3
E07000189,South Somerset,924.7,960.5,885.9,922.5,895.4,837.6,805.2,818.9,787.2,765.6,765.6,746.6,737.1,704.1
E07000190,Taunton Deane,858.4,934.3,888,893.6,896.2,795,934.1,893.6,895.3,860,781,809.7,876.7,749.4
E07000191,West Somerset,922.8,915.4,901,805.4,840.7,751.5,790.3,751.2,813.7,771.3,793.6,720.1,683.9,636.3
E07000192,Cannock Chase,1056,1077.9,1167.1,970.6,1124.4,1075.5,1126.8,1106.1,955.1,916.7,832.6,872.1,861.7,892.7
E07000193,East Staffordshire,1135.8,1065.4,1122.3,1029.9,1001.2,1044.4,1000.5,929.9,856.2,862.3,917.6,806.8,923.1,873.8
E07000194,Lichfield,1215.7,1128.6,1194.5,1128.7,1016.7,1039,990.1,1083.6,859.4,983.5,840.6,817.2,837.8,843.3
E07000195,Newcastle-under-Lyme,1052.3,1081.7,999,984.7,1037.2,913.5,1014.5,1006.8,929,943.2,887.3,907.4,903,848.9
E07000196,South Staffordshire,1081.4,1073.9,1164.9,1066.9,995.5,1038.6,1022.8,985.2,911.3,823.5,813.1,909.5,802.2,782.2
E07000197,Stafford,1070,937.3,962.7,947.1,990,896.5,985.2,901,844.7,825.2,802.1,798.1,837.5,831.2
E07000198,Staffordshire Moorlands,1102.6,1055.8,1052.3,1067.2,991,1012.6,951.2,999.7,918.4,865.4,802.9,859.7,894.6,866.1
E07000199,Tamworth,1187.7,1189.4,1095.2,1161.2,1141.5,1090.6,1039.9,1036.5,863.2,839.6,863.3,888.2,900.4,888.0
E07000200,Babergh,908.5,922.7,937.4,865,902.6,787.1,839.6,816.8,877.2,843.2,683.6,760.9,740.7,723.7
E07000201,Forest Heath,1012.7,1109.2,1067.4,898.9,949.2,757.7,841.3,890.6,908.2,779.5,793.2,738.2,827.8,825.9
E07000202,Ipswich,1050,946.1,1017.8,993.4,934.6,907.5,827.9,917.4,893.6,817.4,831.4,816.1,827.8,806.8
E07000203,Mid Suffolk,942.2,946.5,1006.4,891.4,862,782.8,788,896.3,749.2,714.8,729.3,708.8,835.5,671.5
E07000204,St Edmundsbury,975.1,975.2,999.9,885.8,964.6,858.8,772,802.2,793.5,793.6,688.7,804.6,733.2,679.8
E07000205,Suffolk Coastal,925.6,890.3,924.6,880.7,883.1,830,788.4,819.4,799.6,835.5,778.1,756.5,753.9,678.2
E07000206,Waveney,949.1,998,983.5,892.9,944.1,849.2,901.3,894.3,773.7,809.9,810.4,842.8,805.1,797.4
E07000207,Elmbridge,902.7,911,887.8,797.7,890.7,799.1,853.1,845.4,756.2,804.4,707.9,706.7,716.3,675.7
E07000208,Epsom and Ewell,793.2,798.1,793.8,770.1,738,877.3,752.3,737.3,651.2,688.4,721.4,704.9,696.5,683.3
E07000209,Guildford,832.3,722.8,870.1,796.7,810.2,811,722.4,764.2,736.3,749.1,677.2,699.2,795.3,692.0
E07000210,Mole Valley,928.8,825.2,820.5,916.4,874.1,769.9,825,802.3,784.7,765.9,679.9,695.7,743.4,727.6
E07000211,Reigate and Banstead,1071.3,1028.4,992.1,1054,982.6,955.2,864.3,963.4,825.4,831.4,808.9,771,763.9,831.2
E07000212,Runnymede,981.9,879.2,887.3,912.5,914.4,844,836.7,916.2,758.3,728.7,766.6,810.6,820.3,665.8
E07000213,Spelthorne,946.3,932.2,919.8,942.1,955,819.2,904.9,817.1,752.2,867.9,794.3,836.1,794.5,773.2
E07000214,Surrey Heath,975,1054.5,973,962,966.6,882.8,827.8,869.4,745.3,790.6,817.9,855.1,833.8,801.1
E07000215,Tandridge,998.4,962.3,983.7,806.9,913.1,859.6,858.7,895.5,798.7,814.2,781,846.1,854,786.2
E07000216,Waverley,945.9,915.6,901.6,858.9,874.6,864.7,725.1,729.5,746.8,759.9,674.3,677,711.8,677.6
E07000217,Woking,922.2,948.3,904.7,833.4,843.4,859.4,838.2,827,730.4,721.6,771,791.6,771.5,746.6
E07000218,North Warwickshire,1115.8,1024.2,1176,1152.1,1015.6,1130.7,992.3,1019.6,907.1,939.5,977.2,843.2,932.1,857.8
E07000219,Nuneaton and Bedworth,1126.6,1199.4,1142.5,1108,1111.1,1171.5,992.4,973.7,946.8,960.9,894.4,879.4,952.4,852.7
E07000220,Rugby,1058.1,1100,1125.5,1006.9,1039.4,1005.5,876.6,918.2,811.5,827.7,809.6,793.1,751.8,779.8
E07000221,Stratford-on-Avon,1014.9,960.6,975.7,911.1,968.4,911.1,927.9,832.9,806.8,759.8,669.3,721.2,710.4,742.3
E07000222,Warwick,979.2,969,953.5,865.6,894.3,826.3,856.6,820,797.5,725.5,714.9,742.6,750.9,718.8
E07000223,Adur,920.4,882.5,972.6,935.4,981.2,948.6,992.4,962.8,821.2,847.4,840.3,866.2,788.9,784.7
E07000224,Arun,998,986.4,888,904.6,928.8,894.1,874,849.2,793.5,845.3,779.4,797.8,767.9,773.1
E07000225,Chichester,941.8,984.4,898.4,867.9,857.5,870.5,872,831.4,789.2,706.1,808.3,716,713.2,691.2
E07000226,Crawley,1079.4,960.8,1058.6,947.1,1023,926.7,730.2,913.1,876,821.8,760,857.1,835.6,719.6
E07000227,Horsham,868,947.3,851.4,837.6,811.1,804.4,837.4,823.7,790.1,737.7,709.7,783.3,727.6,688.8
E07000228,Mid Sussex,1023.8,1036,1011.6,902.7,964.3,867.8,842.3,890.6,844.8,837,780.6,740.4,757.5,704.6
E07000229,Worthing,985.7,998.5,1047.5,895.6,1050.8,969.8,900.1,963.7,846.4,905,816.5,813.8,808.6,856.7
E07000234,Bromsgrove,1102.6,1064,1112.5,1081.6,950.8,957.5,977.7,917.7,913.6,864.1,844.3,850.3,888,787.6
E07000235,Malvern Hills,977.1,1024.4,1022.9,952.2,983.1,878.6,854.8,850.5,878.6,882,802.6,853,852.9,787.5
E07000236,Redditch,1072.8,988.9,1044.6,974.4,1037.3,1006.2,941.6,930.7,826.6,884,889.9,857,830.3,782.7
E07000237,Worcester,1047.7,1012.8,1014.3,1060.7,948.3,925.8,950.8,927.6,858.4,826.7,773.5,881.1,809.6,806.8
E07000238,Wychavon,966.7,851.4,938.5,900.4,885.3,790.7,830.8,856.8,723.2,795.5,710.8,732,767.5,743.0
E07000239,Wyre Forest,1096.4,1012.6,1011.7,974.7,990.6,918.7,909.9,855,871.6,922.3,817,834.6,879.9,807.4
E07000240,St Albans       ,948.8,953.9,936.3,1048.7,845.8,863.7,830.8,864.4,810.3,732,696.8,695.6,719.6,715.3
E07000241,Welwyn Hatfield,932,940.2,954.7,866.4,801.2,936.9,869.6,930.2,783.3,825.9,813.7,768.5,746.7,791.8
E08000001,Bolton,1142.7,1150.5,1244.6,1202,1169.7,1059.1,1141.2,1049.9,1047.2,978.2,985.2,948.1,972.1,966.6
E08000002,Bury,1161.7,1165.3,1103.2,1117,1049.8,1082.5,1051.8,1072,1046,1051.8,967.7,1028.6,991.6,900.7
E08000003,Manchester,1255.3,1281.3,1250.2,1208.2,1168.7,1190.7,1151.6,1256.7,1143.8,1150.4,1061,1106.4,1075.6,1102.7
E08000004,Oldham,1162.6,1234.7,1251,1126.7,1142.6,1173.9,1188,1115.5,1079.7,981.5,987.7,996.6,961,1076.7
E08000005,Rochdale,1248.6,1164.1,1224.2,1191.6,1176.5,1075.7,1090.8,1111.6,1003.7,1066.7,953.1,1009.5,1004.2,991.7
E08000006,Salford,1268.1,1279.8,1329.8,1249.9,1151.9,1207.8,1121.6,1230.4,1113.1,1046.5,1041,1068.4,1077.9,998.6
E08000007,Stockport,1034.2,1031.3,1017.9,931.5,981.6,883,875.8,940.4,870.9,859.1,810.4,856.9,892.5,827.3
E08000008,Tameside,1200.1,1224.6,1229.9,1137,1212.3,1165.3,1153.7,1197.4,1113.1,1039.8,1082.1,1093.7,1098.2,995.6
E08000009,Trafford,1051.9,1036.8,1053.3,1006.5,979.1,976.5,865.8,919.8,830.5,814.8,833.6,763.6,846.2,779.5
E08000010,Wigan,1349.7,1226.3,1288.6,1190.3,1148.1,1142.4,1183.3,1122.7,1036.5,1063,1033.9,1037.2,1023.7,936.1
E08000011,Knowsley,1265.9,1275.7,1395.5,1220.4,1186.5,1219.3,1200.7,1180.7,1044.6,1099.1,988.5,1072.5,1068.3,1051.6
E08000012,Liverpool,1355.5,1337.8,1333.4,1286.1,1216.2,1203.2,1149.3,1232.5,1080.9,1106.7,1076.4,1047.7,1090.8,1007.1
E08000013,St. Helens,1236.3,1167.8,1235.2,1108.9,1118.7,1006,1133,1094.6,1052.2,1028.8,963.9,954.1,990.5,960.5
E08000014,Sefton,1124.8,1119.9,1098,1043.1,1057.3,921.1,1013,1007.1,913.9,872.8,822.9,885.4,906.3,869.5
E08000015,Wirral,1099,1085.9,1114.1,1034.8,1031.3,977,989.6,1033.5,980.6,987.5,890.8,938.4,911,902.8
E08000016,Barnsley,1177.1,1165.1,1182.2,1183,1170.2,1115,1126.9,1066.7,1084.8,1047.7,992.2,924.6,1010.2,945.7
E08000017,Doncaster,1144,1158.1,1101.2,1115.7,1106,997.8,1054.5,1016.3,944.8,955.8,897.6,974.5,965.1,927.7
E08000018,Rotherham,1112.7,1182.9,1167.9,1117.7,1117.8,987.7,1037,1067.8,995.5,960,939.7,949.3,983.7,961.0
E08000019,Sheffield,1060.6,1079.5,1076.7,1004.9,1060.9,928.5,1010.9,993.4,929.9,934.8,881.5,890,932.2,853.9
E08000037,Gateshead     ,1211.1,1157.9,1224.5,1152.2,1168,1046.2,995.6,1064.7,1029.1,995.1,984.8,1053.4,998.2,970.6
E08000021,Newcastle upon Tyne,1132.2,1208.6,1170.9,1071.1,1124.4,1095.7,1050.2,1082.7,1015.9,1022,943.7,963.2,923.1,929.6
E08000022,North Tyneside,1146.4,1180.9,1135.8,1091.3,1001.7,1043.4,1036.3,1084.5,949.1,977.5,909.5,876.3,903.6,906.7
E08000023,South Tyneside,1064.2,1175.8,1178.6,1175.1,1115.6,1046.1,1064.1,1114.5,971.8,998.7,987.4,992.3,931.1,941.8
E08000024,Sunderland,1252.1,1242.7,1278.6,1180.9,1154.5,1136.9,1109.5,1137.1,1054.7,1110.4,994.4,1097.5,1076.5,1023.5
E08000025,Birmingham,1082.2,1080.5,1117.5,1026.5,1029.1,990.5,981,974.2,905,916.6,888.4,903.5,899,876.9
E08000026,Coventry,1048.8,1083.6,1067.7,1020.8,1052.5,1008.5,985,999.2,924.6,913.1,889.1,891,867.2,900.7
E08000027,Dudley,1054.7,1111,1157.9,1030.3,1013.9,968,979.6,943.4,891.7,897.5,847.9,838,867.4,840.7
E08000028,Sandwell,1205.4,1175.6,1256.8,1131.6,1103.7,1129.8,1104.8,1094.5,988,990.4,923.4,937.4,980.6,933.2
E08000029,Solihull,952.5,944.4,993.7,881.5,838.9,806.5,783.7,841.2,759.6,778.7,704.9,759.8,731,755.8
E08000030,Walsall,1083.6,1043.6,1073.7,1018.1,964.8,1051.2,923.7,995.8,899.6,906.4,879,884,831.2,897.6
E08000031,Wolverhampton,1027.8,1056.5,1122.9,1051,1088.8,1059.4,1001.1,1021.1,963.3,999.6,908.8,908.4,950.5,915.7
E08000032,Bradford,1145.3,1168.6,1101.1,1100.1,1104.6,1060.7,1090.1,1074.7,980.9,971.2,946.6,931.5,1012.4,942.5
E08000033,Calderdale,1094.1,1111.7,1067,989,1046,917.8,985.9,983.3,961.3,907.3,883.6,903.2,899.2,865.7
E08000034,Kirklees,1131.9,1151.8,1162.2,1072.2,1062.6,1023,1095.4,1043.5,946.8,962.2,912.8,940,877.9,914.2
E08000035,Leeds,1040.5,1032.9,1024.1,991.7,963.9,929.4,960.3,975.5,927,932.6,931.7,925.4,959.4,880.2
E08000036,Wakefield,1160.7,1136,1109.4,1088.8,1093,1027.5,1049.9,1083.9,945.3,1012,959.5,954.6,926,893.0
E09000001,City of London,485.2,1113.7,800.7,596.3,673,413.5,723,676.6,642,630.7,463.2,584.1,370.2,343.2
E09000002,Barking and Dagenham,1120.7,1154.6,1245.1,1095.4,1111.9,1081.6,994.6,1065.8,1036.2,966.3,889.7,956.1,878.8,925.5
E09000003,Barnet,946.7,929.2,911.1,844.5,850.9,830.9,784.3,766.1,779.8,788.9,730.1,713.9,699.2,693.4
E09000004,Bexley,986.3,1012.9,1102.8,956.1,898.3,891,866.9,885.5,828.5,803.3,770,763.5,800.6,738.7
E09000005,Brent,931.3,920,917.3,845.5,832.9,774.2,745.6,796.5,766.2,786.9,688.2,769.2,719.5,678.5
E09000006,Bromley,951,911.5,961.8,867.4,831.5,806,838.1,823.3,775.9,764.9,755.2,765.2,686.2,743.5
E09000007,Camden,1056,994.9,976.9,994,869.2,904.7,875.8,770.8,720.8,709.4,693.2,644.6,642.8,592.8
E09000008,Croydon,1032.1,1064.1,1079.2,1002.2,968,976.4,840.6,948.1,878.9,871.2,833.1,818.2,797.6,802.6
E09000009,Ealing,1020.5,984.8,965,979.5,910.8,833.7,829.7,908,844.3,798.1,781.1,777.4,778.8,780.9
E09000010,Enfield,988,1021.7,1033.3,963.5,948.7,893.6,853.6,901.4,831.6,820.9,717.5,798.5,769.9,744.9
E09000011,Greenwich,1115.3,1038.3,1115.1,1058.9,1031.5,954.3,966.6,998.8,942.1,988.1,855.2,903.7,845.5,912.1
E09000012,Hackney,1001.4,994.4,960.4,978.8,917.6,954.5,912.1,945.2,919.6,899.3,878.8,841.9,813.8,845.9
E09000013,Hammersmith and Fulham,923.3,923.8,927.4,866.5,873,774.2,794.5,870.9,773.7,843.8,834.9,794.9,806,721.2
E09000014,Haringey,1098.5,1020.9,1093.7,988.1,825.9,863.9,860,762.4,748.1,849.4,760.4,760.2,703.1,718.1
E09000015,Harrow,832.3,810,886,839.1,832.6,766.9,754,742.2,717.7,687.3,646.2,684,652.5,628.7
E09000016,Havering,1019.3,1095.5,1084.8,948.6,1021.7,918.6,912.9,897.7,824.4,819.1,765.7,802.8,813.7,780.7
E09000017,Hillingdon,1004.1,995.5,1006.7,991.5,918.8,826.2,868.8,846.2,819.8,808.6,802.8,830.7,752.2,776.2
E09000018,Hounslow,1113,1147.5,1133.5,1097.8,995.5,1006,937.4,928,872.4,844.5,827.6,808.1,818.7,722.5
E09000019,Islington,1113.8,1078.2,1137.4,1122.9,1037.6,994,975.7,999.4,971.5,871.8,856.3,823.2,851.8,803.4
E09000020,Kensington and Chelsea,771.8,730.6,701.2,679.8,717.4,612.1,666.2,676.5,649.8,627.9,686.3,704.1,573.9,623.5
E09000021,Kingston upon Thames,1028,1064.6,1053.5,909.6,882,873.8,884,841.8,781,782.6,730.6,730.7,826.8,668.7
E09000022,Lambeth,1098.7,1046.7,1087.1,1087.1,1065,1025.3,942.4,1008,982.5,914.3,782.1,852.2,831.4,796.1
E09000023,Lewisham,1168.7,1155.1,1162,1112.8,1110.1,993.1,955.1,1046.7,882.5,901,922.9,810.8,828.2,830.2
E09000024,Merton,960,931,941.5,866.3,866.6,872.2,887.7,853.8,834.4,728.5,760,800.4,791.9,763.8
E09000025,Newham,1133.5,1137,1193.9,1158.2,1179.4,1085.5,1054.6,1008.1,973.6,909.8,864.5,857.5,926.7,793.5
E09000026,Redbridge,992.8,971.8,1057.2,951,938.9,906.4,874.3,897.3,828.3,808.2,771.9,768.6,798.9,690.5
E09000027,Richmond upon Thames,930.4,924.3,946.4,845,814,859,729.9,721.7,673.5,680.5,658.4,666.3,689.7,619.2
E09000028,Southwark,1037.3,1051.2,1039.6,995.8,972.8,884.4,928.4,924.1,845.8,910,845.3,773.4,765.7,838.8
E09000029,Sutton,1085.5,1056.6,1081.9,955.1,878.3,895.4,923,897.6,820.2,835.5,748.8,816.9,802.2,880.7
E09000030,Tower Hamlets,1178.9,1186.7,1204.9,1096.6,1053.4,1090.1,1100.5,1107.4,971.3,985.6,899.2,937.1,833.2,934.8
E09000031,Waltham Forest,1137.2,1141,1137,1012.2,1000,989.6,955.8,937.1,898.1,821.2,792.9,809.3,776.9,768.5
E09000032,Wandsworth,1100.6,1098.7,1063.7,1024.3,1014.8,961.3,969.5,1003,844.4,862.3,858.6,835.3,822.8,767.8
E09000033,Westminster,849.2,820.2,911.5,815.1,831.7,716.1,745.4,678.1,673.4,749.9,699.2,680,617.6,623.6
W06000001,Isle of Anglesey,1058.1,1049.9,1019,956.8,999.1,858.1,909.2,832.4,964.7,885,817.8,785.5,879.3,814.8
W06000002,Gwynedd,1013.2,1032.5,1024.9,1028.4,942.4,920.9,930.2,963.2,918.6,900,719.5,891.9,752.8,779.0
W06000003,Conwy,1044.2,1091.8,1007.3,925.3,959.2,914.6,938.7,954.3,860.7,885.7,839,831.4,851.1,819.2
W06000004,Denbighshire,1087,1026.6,1111.2,1001.1,1064.3,989.7,925.6,1057.9,1094.7,963.3,943.4,983.5,981.2,1024.0
W06000005,Flintshire,1084,1028.6,1072.7,1029.1,1091.7,972.7,976.6,975.6,899,904.6,848.6,915.7,937.3,829.6
W06000006,Wrexham,1197.5,1164.6,1115.2,1073.8,1063.4,1070.4,1051.4,1026.9,1001.7,972.6,907.6,876.6,966.8,968.5
W06000008,Ceredigion,948.4,960.3,949.7,918.8,845.6,825.5,789.7,801.9,815.1,827.1,803.5,746.5,787.1,730.9
W06000009,Pembrokeshire,1052.1,1064.8,1078.6,964.3,1086,959.7,935.3,967.5,876.3,906.2,821.5,889.3,842.9,777.8
W06000010,Carmarthenshire,1140.1,1148.1,1179.1,1081,1029.1,1023.2,978.3,1028.3,987.4,923.6,889.4,938.1,899.5,909.2
W06000011,Swansea,1087,1086.2,1089.8,1024.2,1034.8,1018.3,1010.8,998.2,928.8,886.6,892.7,897.5,906.7,875.4
W06000012,Neath Port Talbot,1183.8,1071.2,1111.8,1123.5,1026.3,1068.2,1006.7,1030.7,1016.4,1032.8,982.4,981.8,995,966.8
W06000013,Bridgend,1159.6,1253.8,1241.5,1166,1093.2,1113.9,1068.1,1056.4,891.4,1054.1,1018.8,1027.7,987.2,932.2
W06000014,The Vale of Glamorgan,1075.2,1048.1,1047.1,1048.5,1001.8,988.4,939.6,860.6,885.1,855.8,768.4,824.1,861.7,773.0
W06000015,Cardiff,1064.2,1097,1140.8,1000.8,1009.2,945,949.4,966.6,922.6,927.7,849.8,850.8,881.9,861.7
W06000016,Rhondda Cynon Taf,1168.5,1203,1198.1,1163.3,1141.9,1021.8,1195.9,1188.6,1025,1033.8,1004.6,1012.9,1067.9,996.2
W06000018,Caerphilly,1204.2,1146.2,1182.8,1175.6,1183.7,977,1102.6,1068.1,954.3,1046.4,966.9,984.3,1026.8,972.6
W06000019,Blaenau Gwent,1245.1,1247,1338.5,1216.1,1241.9,1121.8,1284.8,1165,1091.2,1152,1075.2,1121,1078.8,1060.9
W06000020,Torfaen,1141.8,1161,1002.7,1067.7,1045.3,964.2,1091.8,1005.3,961.7,951.5,873.1,994.8,981,883.6
W06000021,Monmouthshire,985.1,1083.4,926.6,929.1,771.7,823.2,842,837.2,793.9,832.3,748.8,768.5,741.2,781.3
W06000022,Newport,1092.6,1002.1,1057.4,1018,1066.6,995.2,1049.2,937.4,980.5,903.7,903.3,956.9,898.9,898.7
W06000023,Powys,1006.4,1020,1048.6,942.6,948.1,890.4,852.8,833.8,816.4,853.5,769.8,798.1,807,766.9
W06000024,Merthyr Tydfil,1255.7,1314.8,1287.1,1348.6,1198,1065.7,1199.9,1073.7,1039.3,1012.4,970.8,1099.5,1014.9,1028.5
